"","LR Chisq","Df","Pr(>Chisq)"
"year",233.550006875927,4,2.27150401216413e-49
"trat",178.608633968881,2,1.6429635311806e-39
"alt0",0.0129993433762365,1,0.909226169858712
"dom",9.28401052010673,1,0.00231162755734467
"year:trat",47.9192310899629,8,1.0237066835141e-07
"trat:alt0",3.37162012282056,2,0.185294271405737
"year:alt0",1.79773400676038,4,0.77289690514856
"trat:dom",0.0351131449634181,2,0.982596646161878
"year:dom",1.53228362955224,4,0.820907853281834
