"","Df","Chisq","Pr(>Chisq)"
"year",2,34.4897469289059,3.24075808568592e-08
"trat",1,11.7748170111113,0.000600374142038052
"alt0",1,11.1009197495588,0.000862849163154311
"dom",1,12.7500069854944,0.000356007833606443
