,Df,Chisq,Pr(>Chisq)
year,2,33.423366513487,5.52342140048416E-08
trat,1,11.7980157490581,0.00059293883961
alt0,1,9.6251335877051,0.001919324888752
dom,1,12.9608871439427,0.00031806642603
sp,1,0.009759609995141,0.92130442220044
