"","LR Chisq","Df","Pr(>Chisq)"
"year",85.8686116821617,1,1.92296993754174e-20
"trat",82.9271327305789,2,9.83109578598984e-19
"alt0",8.06452403688172,1,0.00451403315379744
"dom",29.1043460406033,1,6.85829617927798e-08
"year:trat",6.6683973891088,2,0.0356431358101926
"year:alt0",4.13341461888047,1,0.0420444329843227
"trat:alt0",52.9375916022884,2,3.19703978597467e-12
"year:dom",1.15301160132287,1,0.282919602301502
"trat:dom",26.3918671230042,2,1.85814187499548e-06
